Wind_Speed_m/s,Electrolyzer_Efficiency_%,Wind_Power_kW,Hydrogen_Production_kg/day
11.24,64.07,4348.72,1695.95
23.92,71.92,41891.53,18351.54
19.1,79.2,21352.07,10301.3
16.17,76.11,12949.27,6003.93
6.43,77.74,815.07,387.36
6.43,74.49,814.87,368.56
4.28,75.23,239.74,112.1
22.06,78.68,32858.59,15748.16
16.22,65.49,13079.54,5217.92
18.58,70.77,19635.62,8463.21
3.45,64.87,126.07,46.18
24.34,81.73,44150.1,21981.0
21.31,80.77,29652.07,14589.8
7.67,60.87,1382.64,512.22
7.0,75.52,1050.5,483.37
7.03,80.36,1066.23,522.67
9.69,63.97,2789.3,1084.59
14.54,72.49,9422.91,4160.3
12.5,80.14,5985.45,2923.09
9.41,60.75,2549.38,941.47
16.46,75.34,13659.22,6269.25
6.07,66.54,684.54,275.43
9.43,80.34,2565.79,1256.3
11.06,81.36,4143.21,2053.38
13.03,80.77,6780.52,3333.75
20.27,70.43,25520.32,10950.78
7.39,78.96,1237.39,594.09
14.31,78.58,8980.13,4297.22
16.03,67.02,12622.06,5153.19
4.02,78.24,199.24,96.67
16.37,60.81,13424.64,4971.52
6.75,73.12,942.5,419.87
4.43,65.06,266.45,106.24
23.88,62.65,41680.46,15907.95
24.24,61.69,43639.91,16399.91
20.78,75.32,27498.56,12615.57
9.7,67.48,2796.36,1148.14
5.15,75.94,418.01,193.51
18.05,61.44,18019.11,6741.88
12.68,66.94,6248.54,2543.36
5.68,71.87,562.64,246.97
13.89,77.4,8213.87,3873.76
3.76,67.01,162.35,62.73
23.01,73.77,37285.98,16753.24
8.69,79.49,2011.91,975.12
17.58,73.55,16626.41,7451.95
9.86,65.13,2933.56,1163.78
14.44,60.54,9223.86,3400.23
15.03,79.14,10393.15,5010.1
7.07,60.47,1080.8,400.16
24.33,79.24,44111.17,21291.54
20.05,71.64,24695.0,10774.84
23.67,80.66,40608.28,19951.21
22.69,77.57,35757.03,16894.74
16.15,81.95,12909.22,6444.67
23.28,67.72,38645.06,15942.8
4.95,76.88,370.73,174.1
7.31,68.84,1197.06,501.6
4.0,70.56,195.27,83.49
10.16,73.81,3209.27,1440.46
11.55,79.22,4719.8,2278.93
8.97,81.65,2210.07,1099.08
21.23,76.9,29313.16,13731.15
10.85,69.19,3910.15,1652.79
9.18,69.27,2369.65,1000.32
14.94,76.23,10210.99,4740.1
6.1,65.25,695.24,275.71
20.65,62.43,26960.7,10254.52
4.64,67.8,305.96,126.53
24.71,66.32,46214.06,18667.17
19.99,66.52,24461.01,9912.75
7.37,65.14,1226.84,485.79
3.12,60.93,93.15,37.38
20.94,60.39,28120.02,10346.34
18.55,81.73,19550.97,9732.72
19.04,69.41,21132.5,8936.91
19.97,68.46,24382.4,10167.22
4.63,74.95,303.76,139.97
10.89,64.8,3951.03,1560.32
5.55,80.9,523.3,256.6
21.99,77.3,32557.39,15329.02
16.71,61.97,14295.68,5397.65
10.28,69.19,3326.78,1401.55
4.4,79.34,260.57,125.33
9.84,80.78,2919.27,1435.1
10.15,70.28,3206.21,1373.27
19.05,73.5,21176.41,9483.47
17.03,63.67,15115.91,5861.35
22.52,81.81,34970.75,17426.27
13.39,65.1,7350.11,2916.65
5.63,80.74,546.83,268.82
18.69,74.29,19998.64,9050.89
19.74,73.37,23547.1,10522.2
15.35,71.28,11072.35,4808.12
19.96,65.07,24357.97,9655.08
13.86,63.88,8160.09,3176.89
14.5,64.85,9336.65,3690.03
12.41,64.1,5847.38,2287.09
3.56,77.15,138.08,65.76
5.37,67.7,475.2,196.46
3.69,61.27,154.05,57.79
17.0,81.32,15048.79,7453.92
9.92,79.44,2985.82,1445.4
14.19,80.41,8747.63,4284.24
22.97,81.89,37098.68,18505.44
8.48,63.83,1870.44,729.18
12.03,68.72,5329.69,2229.41
19.62,76.68,23137.38,10809.04
8.03,75.31,1587.82,730.4
4.69,63.39,316.65,122.08
9.37,77.95,2523.04,1194.79
6.55,64.94,859.36,339.02
23.45,64.92,39508.51,15626.62
20.78,71.81,27474.38,12018.42
16.93,73.04,14873.83,6616.49
22.17,72.76,33380.94,14794.33
20.68,62.01,27088.02,10233.55
7.1,79.3,1098.21,531.33
22.64,65.84,35521.58,14246.47
14.87,62.85,10060.45,3850.98
20.76,79.55,27415.07,13284.3
22.71,81.02,35888.68,17711.45
10.0,78.97,3058.9,1473.8
5.42,77.81,487.92,230.77
8.01,74.42,1576.58,716.48
12.4,72.12,5833.91,2565.14
21.0,61.91,28346.92,10692.24
21.94,68.99,32326.06,13583.38
3.15,68.2,95.99,40.48
14.24,65.71,8836.5,3537.14
12.18,75.92,5537.88,2559.51
7.89,70.91,1502.13,649.31
5.64,61.78,548.57,204.68
10.43,64.84,3472.33,1373.31
23.74,75.03,40995.72,18736.23
10.11,61.67,3165.11,1189.39
14.41,78.73,9170.12,4397.98
18.47,70.89,19285.19,8327.67
11.0,70.57,4076.02,1753.1
24.38,73.03,44374.63,19740.27
24.17,78.14,43262.64,20594.23
8.54,67.65,1906.91,783.8
13.94,74.92,8294.97,3785.54
9.62,72.45,2725.9,1205.84
9.27,65.87,2436.81,976.31
3.81,79.33,169.58,80.93
16.41,77.54,13534.27,6393.62
14.06,74.49,8510.08,3861.48
4.13,78.71,216.13,104.16
9.13,79.08,2330.88,1123.54
22.98,75.58,37173.29,17115.91
8.27,78.41,1732.41,829.15
6.19,75.34,725.54,333.6
13.77,74.96,7992.54,3649.26
24.68,73.61,46061.61,20654.22
8.33,76.56,1767.11,826.95
17.79,63.49,17233.87,6664.78
19.76,79.38,23612.87,11416.02
8.23,79.18,1705.94,824.47
19.02,60.64,21074.62,7784.82
11.09,78.17,4178.45,1986.31
16.91,62.84,14810.27,5669.93
16.94,67.37,14881.13,6106.29
14.79,76.36,9901.94,4605.45
4.99,63.54,379.69,147.45
21.38,78.0,29915.44,14213.05
10.06,78.31,3115.32,1487.06
7.1,71.16,1097.68,475.18
3.9,60.14,181.25,67.17
16.0,66.31,12543.16,5066.4
17.91,73.57,17583.37,7881.21
3.36,81.59,116.68,58.91
14.27,73.9,8891.75,4001.23
7.98,65.72,1557.97,625.28
17.19,73.95,15566.53,7011.07
6.84,71.88,978.35,429.58
18.2,77.16,18464.41,8678.63
11.51,62.35,4667.62,1775.61
23.61,76.74,40295.54,18836.53
6.03,71.91,669.96,292.93
10.5,81.19,3548.73,1754.94
5.5,67.52,508.53,208.7
23.34,73.92,38954.77,17540.97
22.3,80.5,33968.5,16655.16
8.67,62.26,1999.13,756.53
17.52,80.62,16468.43,8085.72
20.98,75.13,28276.36,12942.55
15.21,61.49,10785.55,4042.54
14.65,66.62,9633.73,3909.35
8.32,75.58,1764.26,811.99
5.05,61.48,394.0,147.66
22.74,72.81,36006.07,15970.4
22.81,67.61,36341.77,14965.39
16.93,73.66,14856.31,6666.25
10.46,61.01,3503.51,1303.41
10.68,79.17,3733.43,1801.3
18.97,81.42,20909.73,10370.25
22.74,81.32,35995.04,17830.63
22.52,76.49,34957.8,16284.29
20.16,62.86,25082.49,9605.48
17.12,76.68,15379.59,7182.78
4.85,60.54,349.62,126.18
6.56,60.49,862.9,318.7
22.77,67.12,36146.12,14780.38
16.34,70.75,13364.32,5759.36
3.2,76.95,100.57,48.57
5.23,75.03,438.7,202.93
17.6,69.81,16687.64,7098.19
3.11,66.02,92.24,39.55
6.54,81.94,855.79,428.24
15.07,69.38,10485.79,4431.35
18.22,69.93,18528.59,7890.27
17.34,63.6,15975.7,6188.77
7.93,77.49,1529.47,720.64
18.67,75.26,19923.49,9137.04
8.22,64.86,1700.63,671.6
10.16,61.81,3210.72,1209.09
19.42,74.97,22439.46,10248.39
17.29,74.4,15834.56,7176.18
21.68,66.01,31219.73,12556.05
17.47,80.92,16321.77,8044.19
15.5,63.32,11410.53,4401.62
5.06,69.51,396.96,166.97
11.09,80.76,4176.78,2052.73
8.83,69.23,2111.62,889.61
8.37,74.05,1794.34,809.29
24.41,68.75,44522.37,18643.72
11.65,66.03,4840.02,1945.76
22.63,81.65,35468.54,17638.0
16.89,69.01,14742.91,6196.87
20.49,79.67,26329.22,12775.33
14.06,65.06,8508.41,3373.01
15.69,64.69,11833.18,4662.88
13.84,60.68,8110.55,2995.91
7.3,74.34,1189.09,537.97
18.89,68.11,20655.9,8568.35
9.18,79.02,2366.88,1139.7
3.53,70.41,135.28,60.03
17.2,81.3,15584.43,7715.07
6.9,64.08,1004.5,392.27
23.69,79.11,40717.04,19620.75
23.99,77.09,42264.22,19846.35
23.13,76.96,37882.18,17759.24
11.14,78.59,4237.8,2027.47
3.34,76.74,114.11,52.87
23.42,73.78,39355.38,17685.2
12.42,62.89,5867.41,2249.24
24.27,60.72,43761.53,16184.84
24.2,80.26,43401.3,21221.11
21.77,73.57,31580.89,14151.93
9.48,77.52,2607.41,1230.22
11.47,70.59,4623.92,1986.07
21.73,62.58,31401.9,11967.78
9.97,62.75,3037.11,1158.58
6.73,75.08,933.03,427.13
15.25,69.47,10860.6,4596.4
23.6,64.41,40230.78,15782.36
18.31,70.82,18807.46,8114.14
15.54,61.41,11495.87,4299.73
5.14,72.8,415.36,184.42
16.53,65.92,13832.71,5556.67
24.78,77.55,46606.05,22016.33
6.08,66.83,688.94,280.05
14.4,70.01,9150.77,3901.34
22.3,60.26,33971.89,12465.8
19.3,61.59,22005.91,8255.34
18.33,68.63,18874.37,7890.69
18.45,70.56,19248.35,8271.44
10.91,73.2,3975.65,1772.51
9.46,66.42,2591.88,1048.71
20.81,75.29,27582.81,12649.6
20.82,78.92,27648.68,13291.05
22.08,77.16,32946.79,15484.92
23.09,60.87,37706.9,13982.06
14.25,70.57,8860.9,3807.45
14.03,62.31,8463.71,3214.47
20.56,65.32,26625.85,10594.78
17.3,81.71,15854.58,7890.93
18.44,63.13,19212.77,7389.87
20.51,70.98,26412.55,11419.51
22.58,73.6,35257.76,15808.24
10.44,75.45,3480.69,1600.22
11.26,72.31,4375.4,1926.36
5.07,60.21,398.55,146.73
15.72,67.18,11901.81,4868.88
3.79,71.39,166.82,72.71
13.24,61.93,7112.96,2683.37
14.94,67.71,10208.67,4210.46
9.3,60.73,2466.45,912.23
16.0,61.73,12540.08,4712.4
3.67,68.73,151.51,62.61
3.82,62.92,170.94,65.65
21.1,72.49,28757.51,12697.79
10.92,75.17,3992.49,1826.53
5.8,77.61,596.09,283.71
14.49,64.4,9315.86,3653.35
19.94,63.68,24279.64,9420.17
7.75,62.3,1424.48,541.22
16.7,74.0,14272.68,6432.73
4.88,75.54,355.39,166.2
4.14,60.69,216.84,78.38
14.69,80.6,9707.87,4767.4
14.89,61.14,10118.3,3770.03
17.02,71.91,15108.43,6616.81
18.97,75.6,20919.6,9635.64
24.47,79.16,44865.37,21633.75
14.36,75.71,9065.95,4181.44
10.11,77.64,3160.02,1494.84
20.49,67.47,26361.03,10833.44
8.96,77.93,2201.68,1046.3
12.66,61.76,6210.22,2337.59
4.73,79.69,323.27,154.29
3.56,72.05,137.91,62.48
24.18,77.98,43286.4,20558.91
21.39,69.95,29978.07,12775.13
18.31,74.16,18803.69,8495.85
12.0,71.58,5287.99,2304.06
6.81,76.09,968.26,448.19
6.44,61.8,818.58,306.47
8.51,61.33,1884.31,703.6
15.08,65.44,10508.44,4188.17
18.72,63.51,20094.21,7774.87
17.52,79.18,16481.67,7951.24
9.16,64.82,2352.64,931.06
24.01,81.47,42373.25,21027.22
19.23,67.41,21790.48,8947.5
15.2,64.01,10745.98,4187.2
16.46,77.37,13651.99,6433.11
12.23,74.49,5603.81,2544.21
8.45,70.96,1847.82,801.13
10.83,72.22,3891.61,1710.1
19.67,75.82,23316.45,10768.1
3.32,65.03,111.73,44.22
5.55,81.92,524.57,262.18
4.01,81.45,197.78,96.91
3.9,74.31,181.11,82.61
21.82,64.39,31816.2,12478.33
18.48,74.97,19329.26,8826.49
13.43,61.59,7421.32,2784.98
5.15,60.67,418.88,154.82
13.82,65.67,8075.71,3229.74
13.42,70.18,7395.75,3161.36
6.81,79.1,967.39,465.99
12.54,76.0,6045.9,2798.27
11.77,76.34,4989.82,2319.94
16.55,69.36,13879.31,5866.44
16.97,67.61,14972.0,6166.93
4.0,68.16,195.51,80.74
11.24,81.73,4350.57,2166.92
16.77,60.88,14440.8,5354.97
14.07,79.07,8528.36,4109.64
21.84,72.73,31915.35,14140.03
17.49,69.65,16388.51,6952.85
6.58,75.96,874.29,405.18
4.55,70.71,288.95,122.1
17.13,79.22,15402.58,7430.51
3.58,79.82,140.9,66.71
15.89,69.28,12280.24,5182.44
23.69,66.09,40691.14,16384.04
15.66,73.03,11762.17,5235.9
11.54,80.07,4706.13,2296.36
17.15,64.63,15454.19,6085.27
13.08,73.71,6855.75,3075.3
15.0,73.89,10343.32,4654.9
23.71,76.13,40831.29,18933.38
11.49,62.89,4650.71,1780.82
24.15,75.75,43114.37,19893.15
22.92,80.0,36862.94,17962.67
7.31,63.95,1194.99,462.55
4.53,65.23,283.93,113.93
5.22,81.37,434.88,213.94
3.4,63.98,120.46,47.31
5.08,78.8,400.95,195.56
18.03,70.83,17938.45,7738.21
4.57,65.44,291.56,112.42
10.02,79.16,3078.57,1483.97
21.59,69.8,30808.35,13100.06
3.51,71.33,132.66,60.57
20.92,67.9,28032.1,11592.88
9.2,73.04,2385.36,1062.1
5.6,63.6,537.72,207.61
18.33,68.6,18855.45,7879.36
16.84,81.33,14616.73,7245.0
22.3,65.68,33981.83,13593.02
19.17,74.45,21579.86,9786.67
20.68,67.15,27071.5,11074.59
9.2,77.02,2388.44,1122.13
6.9,62.88,1007.66,386.1
19.51,81.34,22755.34,11274.55
20.75,69.98,27362.34,11663.83
24.79,65.19,46662.09,18530.64
12.08,61.62,5395.32,2024.52
11.18,63.73,4284.64,1664.36
20.08,71.44,24799.2,10790.5
10.5,67.41,3542.87,1455.43
23.48,78.24,39626.44,18884.37
21.89,69.48,32101.15,13587.71
12.44,65.47,5892.7,2350.0
19.52,73.58,22775.07,10204.81
19.6,75.55,23059.0,10613.59
5.27,63.67,447.91,172.37
22.86,63.69,36566.73,14184.9
14.12,60.81,8613.3,3189.44
21.18,76.2,29105.89,13512.07
10.04,74.6,3100.41,1405.74
22.7,70.44,35829.47,15378.69
11.56,78.57,4733.96,2267.3
3.24,77.72,104.01,49.58
22.92,72.88,36866.27,16365.8
5.01,79.1,384.72,185.8
10.02,64.53,3085.43,1213.56
23.9,62.46,41816.16,15911.2
23.91,65.93,41879.14,16820.81
15.62,61.26,11661.51,4351.42
16.9,71.69,14783.2,6455.0
12.87,80.61,6522.09,3202.1
9.45,60.87,2584.99,958.11
10.23,62.69,3279.31,1253.89
17.8,69.95,17258.37,7354.36
19.55,80.55,22891.05,11226.65
20.41,66.96,26055.99,10627.93
20.37,71.16,25891.16,11222.99
5.01,60.91,384.32,142.57
13.88,63.26,8184.38,3153.37
4.27,81.71,237.81,120.04
15.09,81.23,10522.34,5208.06
12.71,60.11,6293.45,2303.15
22.53,80.94,35021.14,17267.25
10.72,74.06,3772.91,1700.62
5.58,79.09,530.79,253.66
6.15,70.0,710.91,302.21
19.75,71.34,23604.28,10259.18
16.6,70.75,14010.8,6039.98
5.22,74.67,436.78,199.44
4.85,63.07,349.46,135.35
18.42,60.66,19144.25,7074.56
4.6,66.77,298.24,120.35
21.08,75.5,28690.95,13196.09
18.54,64.44,19508.22,7658.81
4.79,74.82,336.51,154.49
4.87,81.34,352.95,176.65
24.71,62.07,46183.53,17461.48
11.23,74.8,4341.85,1978.75
11.15,69.76,4249.94,1807.61
20.88,79.1,27884.75,13435.45
23.84,63.9,41492.14,16148.33
24.69,75.24,46104.8,21129.64
19.57,78.44,22968.69,10973.28
11.28,80.78,4392.78,2160.54
4.84,75.03,346.58,158.19
20.1,70.94,24859.07,10740.63
15.28,73.59,10936.12,4901.98
12.33,79.12,5744.74,2765.69
22.94,72.55,36969.6,16339.03
5.45,60.67,494.76,182.84
13.84,80.48,8114.71,3976.92
3.25,75.17,105.11,49.12
13.31,74.88,7222.08,3295.7
4.24,64.74,233.22,89.57
5.61,74.5,541.87,244.74
5.59,68.67,533.68,222.07
17.28,74.33,15809.03,7156.19
19.41,62.35,22405.43,8510.08
15.83,74.47,12157.86,5515.01
24.17,81.99,43230.2,21589.36
11.25,61.06,4357.16,1617.61
9.29,81.5,2451.97,1218.19
22.11,68.95,33097.41,13899.45
7.92,79.16,1520.92,733.43
24.19,77.21,43354.28,20391.23
3.27,72.47,106.83,49.2
24.34,76.25,44146.38,20501.47
3.95,79.33,188.67,86.64
22.61,68.89,35375.14,14845.14
14.61,67.19,9549.39,3911.34
24.85,74.69,46968.31,21369.93
4.62,77.77,302.69,143.71
15.18,76.77,10722.67,5013.57
24.32,77.55,44077.42,20823.27
14.51,69.58,9352.17,3962.5
16.85,77.99,14642.86,6957.25
18.31,62.64,18788.41,7170.25
13.0,71.98,6728.16,2951.55
16.81,60.13,14537.53,5328.57
15.85,67.14,12205.84,4992.54
22.83,68.06,36419.64,15098.52
4.0,68.72,195.97,81.99
9.18,75.3,2370.13,1084.48
23.91,68.55,41856.53,17476.28
22.59,69.87,35284.4,15016.84
13.02,65.23,6766.34,2687.59
16.64,68.21,14117.72,5866.16
9.1,65.0,2309.63,913.24
7.14,61.61,1114.11,419.8
13.2,73.28,7045.84,3144.91
10.77,74.7,3829.8,1742.66
15.84,73.63,12172.43,5458.85
4.71,70.2,320.02,137.07
24.44,68.36,44689.24,18608.83
24.7,78.99,46130.64,22195.74
18.36,71.42,18952.34,8244.12
14.79,70.54,9916.16,4260.49
9.81,60.56,2890.89,1064.48
20.9,67.51,27972.58,11501.46
18.06,68.36,18051.95,7516.7
6.58,68.77,871.51,366.41
23.04,72.76,37458.12,16603.0
21.1,71.74,28751.82,12564.56
23.9,73.37,41785.91,18677.39
18.97,76.83,20892.56,9777.18
16.5,77.89,13744.97,6521.62
12.2,75.8,5562.88,2568.33
23.52,81.02,39846.44,19665.9
22.05,60.4,32847.56,12084.58
3.99,64.31,195.24,72.82
3.58,60.17,140.52,51.3
11.28,74.24,4398.02,1991.14
20.83,79.76,27687.25,13452.62
24.72,65.36,46262.11,18418.92
6.31,80.39,769.12,378.5
16.07,61.33,12711.44,4748.6
11.38,80.56,4512.91,2214.81
24.34,67.74,44150.64,18215.77
21.53,62.23,30549.45,11580.02
21.44,70.69,30195.82,13003.06
13.31,65.65,7223.25,2890.33
12.13,66.27,5460.49,2203.96
9.01,66.76,2243.71,911.76
4.24,77.67,233.48,110.46
22.02,71.86,32715.86,14321.79
20.88,66.85,27893.7,11356.16
24.99,73.43,47815.91,21383.33
24.93,75.76,47427.96,21884.98
15.22,66.0,10796.35,4338.48
19.92,69.1,24198.87,10184.59
23.78,62.68,41207.58,15733.5
21.69,63.99,31260.03,12183.17
8.44,74.98,1842.3,843.66
12.91,63.99,6592.55,2570.25
5.84,71.55,610.45,266.52
23.99,75.6,42278.46,19470.23
16.34,62.35,13350.6,5068.91
8.03,72.48,1585.79,701.7
17.78,65.64,17206.08,6879.98
16.6,81.18,14005.8,6927.21
10.88,70.64,3943.78,1695.33
5.5,77.73,509.04,238.7
17.77,72.1,17197.94,7554.87
14.45,60.96,9233.97,3429.14
19.99,73.93,24466.96,11016.87
14.44,80.93,9227.89,4547.86
21.75,73.24,31501.68,14054.72
15.14,78.02,10632.16,5051.28
15.34,79.45,11056.21,5353.39
22.29,65.02,33899.61,13424.49
11.88,64.66,5130.44,2021.83
5.95,73.44,644.56,287.86
3.63,69.04,146.88,62.68
19.61,78.48,23105.19,11044.21
16.65,79.8,14127.63,6867.12
18.49,67.78,19358.4,7992.07
7.69,65.21,1390.09,550.68
6.0,77.17,661.56,312.1
3.32,66.05,112.07,44.32
10.71,78.1,3765.31,1790.89
15.98,69.32,12492.77,5273.8
11.63,74.69,4816.64,2187.44
12.62,62.1,6161.88,2330.66
22.89,73.72,36736.55,16501.48
10.66,69.94,3711.47,1582.35
14.31,72.91,8969.99,3983.49
20.24,63.7,25394.0,9852.42
11.72,76.21,4935.11,2291.06
16.69,78.98,14227.4,6845.71
21.97,64.77,32485.16,12814.52
23.89,62.11,41753.68,15797.46
6.24,60.52,742.53,274.81
23.38,74.12,39163.74,17684.01
13.83,73.36,8095.03,3617.83
8.68,72.03,2003.74,879.16
13.1,65.1,6886.33,2731.89
24.56,68.6,45373.18,18960.87
13.84,73.08,8114.43,3611.59
10.23,70.93,3281.15,1416.77
16.93,81.73,14873.66,7405.09
8.28,63.0,1740.49,670.26
4.67,75.29,311.71,141.1
5.84,68.9,608.52,253.17
5.82,69.42,602.8,255.15
6.34,75.79,781.13,360.69
6.05,75.23,679.59,311.7
17.1,81.81,15311.12,7630.21
7.0,62.82,1051.05,401.89
10.6,62.29,3652.32,1388.05
22.73,75.94,35961.42,16631.59
13.43,72.72,7413.58,3282.92
17.69,66.03,16942.79,6814.62
6.79,61.75,959.15,358.29
7.23,61.88,1157.59,436.1
3.9,79.67,181.54,90.6
6.72,64.22,927.94,363.04
9.13,67.11,2329.94,952.86
6.89,64.99,1003.54,395.37
4.95,67.81,371.77,152.64
5.65,61.53,553.53,206.89
13.14,71.42,6943.49,3020.23
7.54,61.49,1312.43,493.48
11.01,77.61,4091.7,1935.14
14.08,65.14,8539.61,3386.87
18.19,71.88,18428.08,8069.09
3.86,79.36,176.8,86.22
20.59,74.32,26721.27,12098.6
16.81,71.73,14557.08,6362.42
4.8,67.14,338.41,136.87
22.22,67.33,33591.84,13775.06
23.26,74.73,38535.41,17539.44
4.34,81.87,250.99,124.82
9.09,74.56,2301.2,1045.85
20.74,72.27,27307.25,12022.98
19.46,76.07,22574.56,10460.87
7.06,70.23,1077.43,460.47
7.61,61.32,1347.38,503.53
11.15,72.37,4245.67,1870.39
13.66,81.07,7805.15,3857.42
16.6,63.86,14012.85,5448.23
11.12,75.18,4206.62,1926.7
13.18,64.42,7004.93,2751.83
19.44,71.79,22514.23,9845.23
3.81,62.13,168.98,63.66
8.55,69.91,1916.57,815.61
18.69,76.64,20006.05,9338.87
22.69,67.65,35796.52,14752.39
14.26,74.63,8874.66,4030.99
14.71,77.5,9741.01,4600.84
5.36,80.4,471.01,228.53
12.84,65.16,6487.58,2574.69
14.72,68.78,9763.05,4090.02
8.33,63.35,1772.93,685.07
8.92,81.83,2176.01,1082.31
11.3,80.39,4419.17,2164.8
3.44,71.88,124.84,57.7
10.09,78.52,3141.95,1500.82
7.65,71.46,1372.07,597.54
10.2,73.72,3254.68,1460.52
5.63,61.96,547.9,207.43
22.59,76.62,35311.57,16479.8
16.06,62.81,12683.36,4851.66
17.94,78.17,17683.23,8421.2
20.36,77.2,25853.69,12161.23
13.97,75.59,8341.94,3840.85
4.91,60.8,363.01,135.51
14.82,66.67,9960.92,4043.23
15.91,65.79,12334.68,4941.59
19.4,67.92,22359.34,9251.76
12.5,61.93,5976.44,2256.7
5.81,80.61,599.62,294.98
9.24,72.18,2418.38,1062.89
10.99,66.72,4062.65,1651.16
17.21,68.73,15611.06,6534.19
15.56,69.84,11530.92,4906.3
10.83,73.21,3894.56,1738.17
24.7,71.34,46168.19,20063.49
16.33,80.23,13329.04,6513.07
8.22,70.93,1700.32,735.07
5.24,81.83,440.43,218.87
6.36,78.73,788.94,378.26
8.41,64.59,1822.34,720.1
6.53,80.47,854.69,418.59
7.1,62.56,1098.18,417.95
9.27,77.98,2441.23,1158.69
6.81,68.37,969.0,404.7
22.73,79.32,35959.02,17372.96
4.77,79.1,331.36,158.68
14.54,77.73,9412.44,4458.63
12.03,77.38,5330.1,2514.5
24.61,66.7,45659.83,18551.25
5.46,61.78,499.82,185.29
11.75,68.87,4971.67,2087.06
24.33,63.82,44097.51,17141.27
22.04,75.29,32792.86,15040.41
20.98,67.61,28263.01,11637.54
8.67,81.46,1998.54,993.06
6.76,74.1,945.86,425.12
17.71,78.09,17011.51,8093.52
23.45,62.92,39472.76,15127.64
15.25,78.96,10858.8,5221.66
15.58,80.3,11571.78,5659.62
9.16,70.72,2353.41,1014.77
19.93,73.34,24239.43,10828.55
7.11,76.83,1103.05,517.07
10.12,63.85,3174.97,1237.75
12.36,71.06,5782.15,2500.35
14.17,68.77,8708.62,3650.53
8.33,63.22,1772.08,682.58
5.53,68.09,516.9,213.03
16.43,61.5,13591.82,5089.74
9.35,60.57,2503.19,923.24
15.79,62.97,12050.22,4623.8
6.4,81.19,801.3,396.09
13.59,72.09,7678.26,3373.98
14.72,81.25,9761.83,4829.07
4.14,69.51,217.33,92.01
10.41,66.86,3450.16,1403.26
5.96,71.14,647.42,281.08
4.39,69.67,259.85,111.61
24.78,62.32,46594.43,17688.59
10.09,74.1,3147.6,1416.79
20.82,64.75,27627.74,10897.61
8.6,73.63,1949.35,874.96
17.99,74.3,17839.85,8075.2
19.73,63.34,23503.25,9070.7
16.1,61.35,12790.33,4778.19
13.37,77.18,7327.0,3445.53
12.06,70.12,5372.45,2296.36
10.68,61.28,3725.57,1388.0
23.45,81.89,39489.78,19698.16
21.27,61.27,29484.97,11003.78
24.23,75.29,43568.06,19981.23
5.73,81.64,577.53,287.73
19.08,65.26,21269.08,8454.47
23.64,63.13,40477.24,15564.31
6.99,62.67,1044.65,398.85
4.46,66.67,272.23,108.93
19.3,62.22,22032.42,8349.17
15.64,75.23,11712.61,5368.19
21.52,61.37,30522.28,11408.42
6.07,71.21,686.62,298.82
20.5,81.93,26367.92,13159.6
7.44,77.91,1259.1,594.93
6.6,73.53,880.63,393.44
6.61,66.74,886.01,361.97
20.92,73.73,28041.5,12591.7
17.63,71.59,16793.98,7323.35
14.51,69.37,9350.79,3952.17
10.89,62.88,3959.78,1517.76
22.3,79.51,33954.54,16443.68
11.63,69.9,4822.14,2052.17
20.97,64.28,28221.0,11052.45
12.66,68.09,6215.51,2580.59
11.29,69.11,4410.4,1858.16
13.18,78.21,7010.02,3339.56
9.63,76.14,2735.25,1267.38
19.45,76.92,22524.81,10553.36
14.06,60.24,8511.73,3124.25
8.11,69.16,1632.78,688.44
22.79,70.59,36253.15,15590.49
11.45,60.42,4591.9,1691.04
14.96,65.72,10249.69,4100.7
22.94,76.73,36982.13,17285.87
16.73,63.02,14348.81,5506.38
5.57,71.78,529.73,231.03
23.68,64.73,40646.01,16027.97
16.81,60.27,14546.1,5342.96
10.37,65.31,3413.12,1362.42
6.06,81.47,682.89,339.8
20.47,77.63,26262.59,12419.21
16.64,81.11,14114.37,6974.36
14.74,70.73,9800.04,4223.77
22.67,62.41,35659.88,13556.98
20.35,72.06,25805.61,11329.15
6.34,70.0,779.28,332.61
9.86,78.58,2933.78,1404.95
8.47,62.16,1858.78,704.78
19.37,70.74,22245.95,9586.67
3.74,63.3,159.92,62.92
15.54,67.14,11487.5,4697.37
19.77,76.22,23679.13,10993.28
22.29,70.47,33910.85,14555.38
10.53,68.27,3571.42,1485.85
21.07,68.68,28636.84,11981.28
5.43,70.11,491.37,210.53
21.62,77.27,30957.13,14573.49
5.8,79.63,599.0,290.52
11.74,81.02,4955.82,2446.74
20.54,77.31,26540.49,12497.22
6.3,66.94,765.11,311.39
8.04,75.14,1593.74,730.49
18.89,69.63,20641.51,8755.86
18.84,65.6,20482.1,8184.42
17.11,78.5,15327.25,7328.89
18.27,60.85,18666.73,6916.21
14.94,79.84,10212.27,4965.97
8.54,70.15,1907.15,816.31
10.61,74.02,3652.97,1647.89
7.0,74.51,1048.26,476.49
22.99,79.69,37193.01,18054.94
15.83,74.01,12159.03,5481.33
11.82,73.51,5055.79,2262.77
13.16,61.47,6986.38,2616.85
23.84,71.4,41496.13,18049.55
6.37,63.3,792.97,306.51
15.9,76.22,12303.43,5711.77
14.13,71.27,8638.95,3747.16
16.45,74.97,13637.4,6229.02
3.4,60.92,120.2,43.88
22.19,61.87,33446.89,12603.01
23.51,75.76,39778.25,18357.78
15.43,61.59,11256.96,4222.37
18.33,61.57,18849.58,7070.77
23.29,60.27,38713.59,14212.87
18.56,81.04,19577.51,9665.72
6.36,76.23,786.32,363.05
15.68,67.77,11802.57,4874.17
16.35,66.52,13379.77,5422.15
12.33,67.69,5741.93,2367.11
19.2,77.04,21682.04,10175.46
23.56,74.55,40029.93,18175.43
23.36,64.07,39051.21,15242.31
12.92,63.83,6602.51,2565.61
5.49,62.16,507.09,189.99
24.67,74.53,45962.01,20863.07
21.46,76.82,30248.77,14155.55
5.74,65.83,579.96,231.62
23.26,60.46,38532.08,14193.24
22.14,61.81,33225.75,12508.49
14.41,81.29,9172.11,4539.33
16.01,66.5,12562.97,5087.27
11.78,76.92,5003.77,2346.45
4.2,73.74,227.67,102.03
10.37,68.4,3419.46,1423.95
20.66,64.53,27017.31,10619.3
3.1,62.67,91.4,35.65
10.34,73.53,3382.65,1516.77
11.76,77.04,4980.42,2339.44
14.82,74.17,9973.75,4505.32
23.24,71.67,38424.34,16772.08
10.62,60.92,3667.77,1360.5
10.63,81.31,3681.63,1823.79
19.23,77.57,21760.91,10280.98
12.95,66.44,6649.12,2689.62
7.94,81.56,1533.74,762.49
12.95,73.24,6656.63,2969.72
6.1,72.81,694.74,308.19
6.88,76.46,997.56,463.46
13.96,77.86,8339.0,3954.57
12.22,74.44,5583.44,2530.46
23.13,62.82,37880.18,14496.12
10.97,67.44,4045.88,1663.65
15.77,80.42,12017.51,5884.06
16.91,64.94,14807.87,5856.35
3.29,68.19,108.87,42.97
17.6,69.51,16689.87,7065.26
6.92,69.67,1013.42,429.94
24.14,73.48,43100.2,19290.44
6.27,80.75,755.09,370.02
12.12,65.3,5454.69,2168.03
4.88,62.67,355.4,135.99
24.93,64.34,47457.78,18600.96
14.05,79.51,8490.76,4111.32
16.1,74.21,12777.03,5775.83
4.48,66.29,274.57,110.05
19.5,77.95,22705.02,10780.56
7.62,78.95,1353.9,653.62
22.76,78.62,36093.77,17288.17
7.51,80.22,1298.76,632.66
7.2,65.55,1140.75,456.73
3.8,76.61,168.59,79.89
13.39,70.13,7344.75,3135.95
15.43,78.52,11242.91,5378.92
4.45,76.03,269.07,126.91
20.06,77.08,24727.11,11608.53
12.97,74.44,6685.48,3029.92
14.54,63.9,9407.26,3663.39
12.7,71.99,6268.4,2749.24
11.82,81.66,5053.29,2514.53
15.31,80.62,10994.6,5399.98
6.42,60.95,808.58,300.79
7.0,63.63,1051.53,405.55
21.96,62.9,32428.78,12426.18
23.81,75.97,41362.11,19142.94
11.21,77.99,4317.37,2050.72
8.96,64.7,2200.26,867.05
17.17,71.13,15496.53,6711.91
11.99,78.5,5281.62,2526.15
3.56,76.12,138.0,64.85
6.44,71.93,816.2,357.52
18.75,72.99,20191.86,8978.88
17.5,71.18,16402.75,7111.86
3.6,66.55,142.42,58.58
7.88,72.43,1500.43,660.46
8.08,75.16,1617.7,740.55
17.78,79.21,17218.35,8307.87
3.43,74.0,123.98,56.22
5.29,76.74,453.46,211.43
20.6,63.52,26764.61,10355.93
6.93,70.15,1018.35,436.42
17.36,60.21,16023.46,5875.67
8.24,65.43,1713.41,680.45
5.19,75.98,427.57,200.52
8.35,81.82,1782.8,890.61
18.89,62.18,20642.54,7816.9
21.83,68.83,31838.9,13350.66
21.26,77.6,29448.44,13919.52
11.74,64.49,4952.93,1946.03
17.7,72.21,16976.15,7467.73
7.51,76.13,1296.99,601.09
9.45,73.55,2583.85,1156.47
22.72,64.14,35914.18,14029.9
3.29,67.82,108.67,43.52
4.88,77.24,356.17,166.33
7.57,72.19,1330.35,584.93
3.58,60.12,140.95,50.54
6.99,76.74,1046.65,490.29
15.83,60.78,12141.29,4497.11
12.27,76.41,5659.16,2633.01
22.64,64.45,35533.26,13951.31
20.98,81.08,28296.06,13975.43
10.52,68.09,3565.51,1479.64
8.71,67.19,2021.76,827.61
11.35,63.28,4481.62,1728.48
15.99,66.72,12512.25,5086.16
8.9,79.29,2157.08,1039.93
16.73,81.92,14343.77,7158.86
12.01,68.1,5301.34,2200.54
15.15,69.87,10638.67,4526.68
12.59,75.89,6118.55,2828.34
9.48,79.5,2607.71,1263.79
23.87,73.05,41630.68,18523.52
19.8,68.61,23769.9,9936.26
6.08,69.08,689.16,293.53
22.11,75.3,33084.46,15174.73
13.72,60.07,7915.34,2894.26
22.68,73.63,35728.42,16025.13
20.6,67.82,26759.4,11055.98
12.35,77.47,5775.27,2725.08
3.49,62.05,130.67,51.56
8.91,72.94,2166.91,960.77
14.92,70.58,10163.17,4370.57
16.94,74.13,14878.14,6717.47
8.67,61.43,1998.31,750.29
6.07,72.76,683.51,305.93
21.37,72.35,29881.07,13168.24
24.66,72.33,45908.04,20227.01
14.57,73.28,9462.9,4225.11
6.78,74.88,953.19,434.2
8.99,77.71,2225.69,1053.48
3.4,65.94,120.86,48.58
23.11,78.15,37821.07,18001.73
5.59,70.96,535.1,231.28
15.68,61.7,11813.91,4438.74
9.03,61.29,2254.37,840.88
15.19,67.35,10737.76,4407.59
17.33,77.27,15942.84,7501.87
21.25,75.57,29404.77,13536.78
7.54,77.35,1313.44,618.43
3.24,71.38,104.35,44.95
6.01,69.68,665.31,283.59
22.8,63.24,36299.79,13984.73
22.23,67.22,33622.93,13768.21
16.14,69.55,12883.56,5459.51
16.21,61.95,13047.74,4923.14
17.63,64.85,16783.89,6629.5
6.86,73.16,987.87,438.62
23.12,76.18,37833.29,17556.0
12.21,81.96,5578.76,2789.74
11.43,80.53,4572.0,2244.57
14.42,74.14,9175.45,4141.54
4.03,69.27,200.93,82.79
6.66,74.0,903.97,408.17
19.24,77.28,21800.7,10263.88
4.82,62.6,343.27,131.73
16.27,69.02,13188.23,5544.13
8.4,78.48,1813.65,866.78
11.56,68.44,4736.49,1975.23
9.35,72.58,2504.3,1107.33
10.82,72.93,3884.51,1722.36
18.82,64.06,20411.1,7964.15
9.54,67.97,2656.24,1098.47
15.46,67.36,11318.28,4644.27
13.47,60.58,7489.96,2768.22
17.6,60.53,16698.24,6157.6
23.61,78.3,40306.78,19223.37
19.12,66.01,21394.74,8603.71
7.73,71.4,1413.82,615.61
3.69,66.57,153.37,62.83
8.77,80.69,2065.6,1016.24
16.09,65.7,12760.95,5110.41
4.13,69.45,215.95,89.66
13.92,79.2,8260.36,3985.82
16.13,78.52,12853.55,6146.59
10.35,64.09,3398.76,1327.78
19.96,77.66,24353.54,11518.93
5.35,70.08,467.69,199.02
4.65,70.63,308.52,132.28
19.02,62.94,21072.6,8080.06
13.9,61.77,8226.14,3096.74
18.14,76.01,18295.17,8469.41
12.57,70.92,6076.98,2625.42
8.42,69.61,1828.7,774.35
21.02,76.05,28443.94,13174.59
20.59,76.84,26721.74,12507.29
18.28,63.5,18717.22,7238.94
8.99,73.42,2223.05,997.92
15.99,62.98,12508.93,4799.34
10.94,76.53,4011.42,1867.95
5.01,74.45,386.22,174.31
23.18,81.05,38147.57,18834.16
6.01,61.52,664.82,252.25
23.91,61.26,41836.41,15607.96
12.81,66.21,6440.8,2594.74
